{
  "agreement": 0.9755111111111111,
  "disagreement": 0.02448888888888889,
  "precision": 0.9716163444137537,
  "recall": 0.8425704138101925,
  "f1_score": 0.9025037600636999,
  "iou": 0.8223297057638049,
  "hausdorff_distance": 127.251719045363,
  "true_positives": 10201,
  "false_positives": 298,
  "false_negatives": 1906,
  "true_negatives": 77595
}