{
  "agreement": 0.9992930153321976,
  "disagreement": 0.000706984667802385,
  "precision": 0.997712185425496,
  "recall": 0.9929824561403509,
  "f1_score": 0.9953417020560119,
  "iou": 0.9907266023611784,
  "hausdorff_distance": 37.48332962798263,
  "true_positives": 26602,
  "false_positives": 61,
  "false_negatives": 188,
  "true_negatives": 325349
}