{
  "agreement": 0.9979897785349233,
  "disagreement": 0.002010221465076661,
  "precision": 0.9959436379163108,
  "recall": 0.933,
  "f1_score": 0.9634448574969021,
  "iou": 0.9294680215182307,
  "hausdorff_distance": 13.45362404707371,
  "true_positives": 9330,
  "false_positives": 38,
  "false_negatives": 670,
  "true_negatives": 342162
}