{
  "agreement": 0.9844777777777778,
  "disagreement": 0.015522222222222222,
  "precision": 0.9471775573041396,
  "recall": 0.956801216477744,
  "f1_score": 0.9519650655021834,
  "iou": 0.9083333333333333,
  "hausdorff_distance": 11.40175425099138,
  "true_positives": 13843,
  "false_positives": 772,
  "false_negatives": 625,
  "true_negatives": 74760
}