{
  "agreement": 0.9958693915139696,
  "disagreement": 0.004130608486030417,
  "precision": 0.9811730629978277,
  "recall": 0.9471109040074557,
  "f1_score": 0.9638411381149969,
  "iou": 0.9302059496567505,
  "hausdorff_distance": 3.605551275463989,
  "true_positives": 4065,
  "false_positives": 78,
  "false_negatives": 227,
  "true_negatives": 69469
}