{
  "agreement": 0.997206132879046,
  "disagreement": 0.0027938671209540035,
  "precision": 0.9925,
  "recall": 0.9160974709248662,
  "f1_score": 0.952769511375636,
  "iou": 0.9097992483270694,
  "hausdorff_distance": 17.4928556845359,
  "true_positives": 9925,
  "false_positives": 75,
  "false_negatives": 909,
  "true_negatives": 341291
}