{
  "agreement": 0.9926888888888888,
  "disagreement": 0.007311111111111111,
  "precision": 0.9813025864755376,
  "recall": 0.9678807438143537,
  "f1_score": 0.9745454545454546,
  "iou": 0.950354609929078,
  "hausdorff_distance": 7.0710678118654755,
  "true_positives": 12596,
  "false_positives": 240,
  "false_negatives": 418,
  "true_negatives": 76746
}