{
  "agreement": 0.9888625,
  "disagreement": 0.0111375,
  "precision": 0.9746128403390796,
  "recall": 0.8420674123280153,
  "f1_score": 0.9035048531860456,
  "iou": 0.8239934812400459,
  "hausdorff_distance": 180.1138528820035,
  "true_positives": 133482,
  "false_positives": 3477,
  "false_negatives": 25035,
  "true_negatives": 2398006
}