{
  "agreement": 0.9965499361837907,
  "disagreement": 0.0034500638162093173,
  "precision": 0.9712353996025784,
  "recall": 0.9273896846148506,
  "f1_score": 0.9488062687167833,
  "iou": 0.90259886496712,
  "true_positives": 80158,
  "false_positives": 2374,
  "false_negatives": 6276,
  "true_negatives": 2418392
}