{
  "agreement": 0.9959555555555556,
  "disagreement": 0.004044444444444444,
  "precision": 0.998987121979453,
  "recall": 0.826529390638094,
  "f1_score": 0.9046121593291405,
  "iou": 0.8258373205741627,
  "hausdorff_distance": 95.63472172804185,
  "true_positives": 6904,
  "false_positives": 7,
  "false_negatives": 1449,
  "true_negatives": 351640
}